{
  "IsEncrypted": false,
  "Values": {
    "AzureWebJobsStorage": "DefaultEndpointsProtocol=https;AccountName=documenthashledger;AccountKey=0QEH/Msvl/lXcROU2MVbZZWBo+CLWI64VcXx8MSRird5hCsvecsk1az1kfC3K8+Sk8hkVALn1wSN+AStG+NPug==;EndpointSuffix=core.windows.net",
    "FUNCTIONS_WORKER_RUNTIME": "python",
    "AzureWebJobsFeatureFlags": "EnableWorkerIndexing",
    "ENVIRONMENT": "development",
    "ASSIGN_USER_ID#": "85b06c53-66e0-41ae-9419-944ab12b8a7e",
    "LEDGER_NAME": "document-hash",
    "COLLECTION_ID":"subledger:0",
    "IDENTITY_URL": "https://identity.confidential-ledger.core.azure.com"
  }
}